legacyBookCode,sourceDb,type,title,publicationYear,callNumber,isbn,publisher,edition,legacyLanguageCode,authorsEditorsRaw,recoveredCopyCount,deletedCopyEvidenceCount,currentCopyCodes,transformAction
1,digi1.DB,BOOK,تانا,,2425,,,,1,,1,0,1/1/1,DRY_RUN_ONLY
2,digi1.DB,BOOK,التمويل المعاصر = contemporary finance,2009,336.014 / ف.ت,,الدار الجامعية,1,1,فريد النجار,3,1,2/2/1 | 2/1/1 | 2/3/1,DRY_RUN_ONLY
4,digi1.DB,BOOK,الشطح الابداعى ضرورة حياتية,2009,153.35,977-281-385-8,المكتبة الاكاديمية,1,1,انكة ماير - جراسهورن | طارق عبد البارى | مصطفى ماهر,1,0,4/1/1,DRY_RUN_ONLY
5,digi1.DB,BOOK,تبيسط اجراءات العمل : الاساليب والاليات,2008,342.006,,المنظمة العربية للتنمية الادارية,2,1,اسامة جرادات,2,0,5/1/1 | 5/2/1,DRY_RUN_ONLY
6,digi1.DB,BOOK,الحكم المحلى فى الوطن العربى واتجاهات التطوير,2005,352.14 / م.ج,977-5673-43-7,المنظمة العربية للتنمية الادارية,1,1,محمد محمود الطعامنة | سمير محمد عبد الوهاب,2,0,6/1/1 | 6/2/1,DRY_RUN_ONLY
7,digi1.DB,BOOK,"فلسفة الوظيفة العامة والموظف العام : بحوث واوراق عمل "" ندوة التشريعات الحاكمة للخدمة المدنية فى الوطن العربى""",2007,352.63 / م.ف,,المنظمة العربية للتنمية الادارية,1,1,مجموعة خبراء,1,0,7/1/1,DRY_RUN_ONLY
8,digi1.DB,BOOK,مهارات ادارة الاجتماعات,2005,658.3 / ا.م,977-5433-54-1,الدار الجامعية,1,1,أحمد ماهر,2,0,8/1/1 | 8/2/1,DRY_RUN_ONLY
9,digi1.DB,BOOK,6 سيجما ومصفوفة الاداء المتوازن لمن ينشد الاداء الامثل,2008,658.5 / م ع,977-337-210-3,مركز الخبرات المهنية للادارة (بميك),1,1,عبد الرحمن توفيق,1,0,9/1/1,DRY_RUN_ONLY
10,digi1.DB,BOOK,اقتصاديات الموارد والبيئة,2007,333.7 /أ.أ,,الدار الجامعية,1,1,السيدة إبراهيم مصطفى | أحمد رمضان نعمة الله | محمد عزت محمد إبراهيم غزلان | أسامة أحمد محمد الفيل,1,0,10/1/1,DRY_RUN_ONLY
11,digi1.DB,BOOK,التنمية فى مصر,2009,338.9 / أ.ت,,المكتبة الاكاديمية,1,1,إبراهيم العيسوى,1,0,11/1/1,DRY_RUN_ONLY
12,digi1.DB,BOOK,الإدارة الإلكترونية,2007,658.4/ط.أ,,السحاب للنشر والتوزيع,1,1,طارق عبد الرؤوف عامر,1,0,12/1/1,DRY_RUN_ONLY
13,digi1.DB,BOOK,كل شئ عن صيانة الكمبيوتر وتجميعه,2006,620.004/أ.ص,977-17-2768-0,المؤلف,1,1,أحمد خميس,1,0,13/1/1,DRY_RUN_ONLY
14,digi1.DB,BOOK,مبادئ علم الاقتصاد,2007,330/ط.م,977-368-129-7,مؤسسة حورس الدولية,1,1,طارق عبد الفتاح الشريعى,3,0,14/1/1 | 14/2/1 | 14/3/1,DRY_RUN_ONLY
15,digi1.DB,BOOK,التسويق المتقدم,2008,658.8/م.ت,977-422-091-9,الدار الجامعية,1,1,محمد عبد العظيم,1,0,15/1/1,DRY_RUN_ONLY
16,digi1.DB,BOOK,أمن الاستثمار,2009,368.853/م.أ,977-383-152-3,إيتراك للطباعة والنشر والتوزيع,1,1,محسن أحمد الخضيرى,3,0,16/2/1 | 16/1/1 | 16/3/1,DRY_RUN_ONLY
17,digi1.DB,BOOK,تنمية المهارات الإدارية السلوكية للعاملين الجدد,2009,331/م.ت,977-368-252-8,مؤسسة حورس الدولية,1,1,محمد الصيرفى,2,0,17/1/1 | 17/2/1,DRY_RUN_ONLY
18,digi1.DB,BOOK,الاقتصاد عارياً,2008,330/ت.أ,977-6263-062,كلمات عربية للترجمة والنشر,1,1,تشارلز ويلان,1,0,18/1/1,DRY_RUN_ONLY
19,digi1.DB,BOOK,الإدارة الإلكترونية,2007,658.4/أ.أ,,المنظمة العربية للتنمية الادارية,1,1,أحمد على صالح | بيداء ستار البياتى,2,0,19/1/1 | 19/2/1,DRY_RUN_ONLY
20,digi1.DB,BOOK,الاقتصاد الجزئى,2009,338.5/م.أ,,المؤلف,1,1,محمد صفوت قابل,2,0,20/1/1 | 20/2/1,DRY_RUN_ONLY
21,digi1.DB,BOOK,المشتقات والهندسة المالية,2008,332.645/ف.م,977-422-105-2,الدار الجامعية,1,1,فريد النجار,1,0,21/1/1,DRY_RUN_ONLY
1021,sss.DB,BOOK,تحديد مخاطر الائتمان,2006,332.7/ب.ت,977-408-057-2,دار الفاروق للنشر والتوزيع,1,1,برايان كويل,1,0,1021/1/1,DRY_RUN_ONLY
1022,sss.DB,BOOK,ادارة جودة الخدمة فى الضيافة والسياحة ووقت الفراغ,2007,338.47/ج.ا,9960-24-596-9,دار المريخ,1,1,جاى ككاندا مبولى | بيغير لى سباركس | كونى موك,1,0,1022/1/1,DRY_RUN_ONLY
