legacyBookCode,title,recoveredCopyCount,explicitCurrentCopyCodes,deletedCopyEvidenceCount,countMatches,action
1,تانا,1,1,0,YES,STRUCTURE_READY_STATUS_BRANCH_UNRESOLVED
2,التمويل المعاصر = contemporary finance,3,3,1,YES,STRUCTURE_READY_STATUS_BRANCH_UNRESOLVED
4,الشطح الابداعى ضرورة حياتية,1,1,0,YES,STRUCTURE_READY_STATUS_BRANCH_UNRESOLVED
5,تبيسط اجراءات العمل : الاساليب والاليات,2,2,0,YES,STRUCTURE_READY_STATUS_BRANCH_UNRESOLVED
6,الحكم المحلى فى الوطن العربى واتجاهات التطوير,2,2,0,YES,STRUCTURE_READY_STATUS_BRANCH_UNRESOLVED
7,"فلسفة الوظيفة العامة والموظف العام : بحوث واوراق عمل "" ندوة التشريعات الحاكمة للخدمة المدنية فى الوطن العربى""",1,1,0,YES,STRUCTURE_READY_STATUS_BRANCH_UNRESOLVED
8,مهارات ادارة الاجتماعات,2,2,0,YES,STRUCTURE_READY_STATUS_BRANCH_UNRESOLVED
9,6 سيجما ومصفوفة الاداء المتوازن لمن ينشد الاداء الامثل,1,1,0,YES,STRUCTURE_READY_STATUS_BRANCH_UNRESOLVED
10,اقتصاديات الموارد والبيئة,1,1,0,YES,STRUCTURE_READY_STATUS_BRANCH_UNRESOLVED
11,التنمية فى مصر,1,1,0,YES,STRUCTURE_READY_STATUS_BRANCH_UNRESOLVED
12,الإدارة الإلكترونية,1,1,0,YES,STRUCTURE_READY_STATUS_BRANCH_UNRESOLVED
13,كل شئ عن صيانة الكمبيوتر وتجميعه,1,1,0,YES,STRUCTURE_READY_STATUS_BRANCH_UNRESOLVED
14,مبادئ علم الاقتصاد,3,3,0,YES,STRUCTURE_READY_STATUS_BRANCH_UNRESOLVED
15,التسويق المتقدم,1,1,0,YES,STRUCTURE_READY_STATUS_BRANCH_UNRESOLVED
16,أمن الاستثمار,3,3,0,YES,STRUCTURE_READY_STATUS_BRANCH_UNRESOLVED
17,تنمية المهارات الإدارية السلوكية للعاملين الجدد,2,2,0,YES,STRUCTURE_READY_STATUS_BRANCH_UNRESOLVED
18,الاقتصاد عارياً,1,1,0,YES,STRUCTURE_READY_STATUS_BRANCH_UNRESOLVED
19,الإدارة الإلكترونية,2,2,0,YES,STRUCTURE_READY_STATUS_BRANCH_UNRESOLVED
20,الاقتصاد الجزئى,2,2,0,YES,STRUCTURE_READY_STATUS_BRANCH_UNRESOLVED
21,المشتقات والهندسة المالية,1,1,0,YES,STRUCTURE_READY_STATUS_BRANCH_UNRESOLVED
1021,تحديد مخاطر الائتمان,1,1,0,YES,STRUCTURE_READY_STATUS_BRANCH_UNRESOLVED
1022,ادارة جودة الخدمة فى الضيافة والسياحة ووقت الفراغ,1,1,0,YES,STRUCTURE_READY_STATUS_BRANCH_UNRESOLVED
