legacyBookCode,title,partialReferenceFound,comparedFields,mismatchCount,mismatchedFields,result
1,تانا,YES,12,0,,MATCH
2,التمويل المعاصر = contemporary finance,YES,12,0,,MATCH
4,الشطح الابداعى ضرورة حياتية,YES,12,0,,MATCH
5,تبيسط اجراءات العمل : الاساليب والاليات,YES,12,0,,MATCH
6,الحكم المحلى فى الوطن العربى واتجاهات التطوير,YES,12,0,,MATCH
7,"فلسفة الوظيفة العامة والموظف العام : بحوث واوراق عمل "" ندوة التشريعات الحاكمة للخدمة المدنية فى الوطن العربى""",YES,12,0,,MATCH
8,مهارات ادارة الاجتماعات,YES,12,0,,MATCH
9,6 سيجما ومصفوفة الاداء المتوازن لمن ينشد الاداء الامثل,YES,12,0,,MATCH
10,اقتصاديات الموارد والبيئة,YES,12,0,,MATCH
11,التنمية فى مصر,YES,12,0,,MATCH
12,الإدارة الإلكترونية,YES,12,0,,MATCH
13,كل شئ عن صيانة الكمبيوتر وتجميعه,YES,12,0,,MATCH
14,مبادئ علم الاقتصاد,YES,12,0,,MATCH
15,التسويق المتقدم,YES,12,0,,MATCH
16,أمن الاستثمار,YES,12,0,,MATCH
17,تنمية المهارات الإدارية السلوكية للعاملين الجدد,YES,12,0,,MATCH
18,الاقتصاد عارياً,YES,12,0,,MATCH
19,الإدارة الإلكترونية,YES,12,0,,MATCH
20,الاقتصاد الجزئى,YES,12,0,,MATCH
21,المشتقات والهندسة المالية,YES,12,0,,MATCH
1021,تحديد مخاطر الائتمان,YES,12,0,,MATCH
1022,ادارة جودة الخدمة فى الضيافة والسياحة ووقت الفراغ,YES,12,0,,MATCH
