PUBLISHING_DATE,PERIODICAL_NOTES,RECORD_TYPE,LOCATION,H_YEAR,H_MONTH,FREE_GDATE,FREE_HDATE,USER_NAME,ENTER_DATE,PURE_TITLE,BOOK_CODE,LANG_CODE,BOOK_TYPE,ISBN,PRICE,CODE_PAGE,TITLE,SUB_TITLE,SECTION_NUM,SECTION_TITLE,EXTENT,OTHER_PHYSICAL_DETAILS,DIMENSION,ACCOMP_MATERIAL,GENERAL_NOTE,CALL_NUM,STRN,EDITION_STATMENT,REMAN_EDITION_STATMENT,NUM_OF_COPIES,SUMMARY,NUM_OF_VOLUMES,TRANS_TITLE,REMAIN_TRANS_TITLE,TRANS_TITLE_SECTION_NUM,TRANS_TITLE_SECTION_NAME,COLLECTIVE_TITLE,COLLECTIVE_TITLE_SECTION_NUM,COLLECTIVE_TITLE_SECTION_NAME,EDITOR_TYPE,AUTHORS_EDITORS,PUBLISHERS,SUBJECTS,COPY_GENERAL_CODES,COPY_STATUSES,EXTRACTED_COPY_COUNT,SOURCE_DB,EXTRACTION_STATUS
,,,,,,,,ADMIN,2002-01-01,تانا,1,1,B,,,,تانا,,,,,,,,,2425,,,,1,,1,,,,,,,,,,,,1/1/1,A,1,digi1.DB,Partial legacy extraction; full library program folder required for final recovery
2009,,1,,,,,,ADMIN,2010-02-11,التمويلالمعاصر=contemporaryfinance,2,1,B,,,,التمويل المعاصر = contemporary finance ,,,,559 ص,,24*17 سم,,,336.014 / ف.ت,,1,كود المكتبة 2,3,,2,,,,,,,,p,فريد النجار,الدار الجامعية,التمويل | التمويل الدولى | القوائم المالية | الشركات المساهمة | التحليل المالى | العقارات - تمويل | دراسة الجدوى,2/2/1 | 2/1/1 | 2/3/1,A,3,digi1.DB,Partial legacy extraction; full library program folder required for final recovery
2009,,1,,,,,,ADMIN,2010-03-09,الشطحالابداعىضرورةحياتية,4,1,B,977-281-385-8,,,الشطح الابداعى ضرورة حياتية,,,,256 ص,,24*17 سم,,,153.35,,1,كود المكتبة 1,1,,1,,,,,,,,p,انكة ماير - جراسهورن | طارق عبد البارى | مصطفى ماهر,المكتبة الاكاديمية,الابداع | العبقرية,4/1/1,A,1,digi1.DB,Partial legacy extraction; full library program folder required for final recovery
2008,,1,,,,,,ADMIN,2010-03-09,تبيسطاجراءاتالعمل:الاساليبوالاليات,5,1,B,,,,تبيسط اجراءات العمل : الاساليب والاليات ,,,,103 ص,,24*17 سم,,,342.006,,2,,2,,1,,,,,,,,p,اسامة جرادات,المنظمة العربية للتنمية الادارية,الاجراءات الادارية,5/1/1 | 5/2/1,A,2,digi1.DB,Partial legacy extraction; full library program folder required for final recovery
2005,,1,,,,,,ADMIN,2010-03-09,الحكمالمحلىفىالوطنالعربىواتجاهاتالتطوير,6,1,B,977-5673-43-7,,,الحكم المحلى فى الوطن العربى واتجاهات التطوير,,,,428 ص,,23*16 سم,,,352.14 / م.ج,,1,,2,,1,,,,,,,,p,محمد محمود الطعامنة | سمير محمد عبد الوهاب,المنظمة العربية للتنمية الادارية,الادارة المحلية - الوطن العربى | تقييم الاداء,6/1/1 | 6/2/1,A,2,digi1.DB,Partial legacy extraction; full library program folder required for final recovery
2007,,1,,,,,,ADMIN,2010-03-09,"فلسفةالوظيفةالعامةوالموظفالعام:بحوثواوراقعمل""ندوةالتشريعاتالحاكمةللخدمةالمدنيةفىالوطنالعربى""",7,1,B,,,,"فلسفة الوظيفة العامة والموظف العام : بحوث واوراق عمل "" ندوة التشريعات الحاكمة للخدمة المدنية فى الوطن العربى"" ",,,,203,,30*20,,,352.63 / م.ف,,1,,1,,1,,,,,,,,p,مجموعة خبراء,المنظمة العربية للتنمية الادارية,الادارة العامة | الخدمة المدنية | القانون الادارى | تقييم الوظائف,7/1/1,A,1,digi1.DB,Partial legacy extraction; full library program folder required for final recovery
2005,,1,,,,,,ADMIN,2010-03-09,مهاراتادارةالاجتماعات,8,1,B,977-5433-54-1,,,مهارات ادارة الاجتماعات ,,,,123 ص,,23×17 سم,,,658.3 / ا.م,,1,,3,,1,,,,,,,,p,أحمد ماهر,الدار الجامعية,ادارة الافراد | ادارة الاجتماعات,8/1/1 | 8/2/1,A,2,digi1.DB,Partial legacy extraction; full library program folder required for final recovery
2008,,1,,,,,,ADMIN,2010-03-09,6سيجماومصفوفةالاداءالمتوازنلمنينشدالاداءالامثل,9,1,B,977-337-210-3,,,6 سيجما ومصفوفة الاداء المتوازن لمن ينشد الاداء الامثل,,,,333 ص,,23*17 سم,,,658.5 / م ع,,1,,1,,1,,,,,,,,p,عبد الرحمن توفيق,مركز الخبرات المهنية للادارة (بميك),ستة سيجما | قياس الاداء,9/1/1,A,1,digi1.DB,Partial legacy extraction; full library program folder required for final recovery
2007,,1,,,,,,ADMIN,2010-03-09,اقتصادياتالمواردوالبيئة,10,1,B,,,,اقتصاديات الموارد والبيئة,,,,319ص,,20× 25 سم,,,333.7 /أ.أ,,1,,1,,1,,,,,,,,p,السيدة إبراهيم مصطفى | أحمد رمضان نعمة الله | محمد عزت محمد إبراهيم غزلان | أسامة أحمد محمد الفيل,الدار الجامعية,الموارد الاقتصادية | الموارد الطبيعية | تلوث البيئة | القوى البشرية | الثروة المائية,10/1/1,A,1,digi1.DB,Partial legacy extraction; full library program folder required for final recovery
2009,,1,,,,,,ADMIN,2010-03-09,التنميةفىمصر,11,1,B,,,,التنمية فى مصر ,الواقع المتعثر والبديل الأفضل,,,167ص,,20 × 25 سم,,,338.9 / أ.ت,,1,,1,,1,,,,,,,,p,إبراهيم العيسوى,المكتبة الاكاديمية,التنمية الاقتصادية,11/1/1,A,1,digi1.DB,Partial legacy extraction; full library program folder required for final recovery
2007,,1,,,,,,ADMIN,2010-03-09,الإدارةالإلكترونية,12,1,B,,,,الإدارة الإلكترونية,,,,269ص,,20 × 25 سم,,,658.4/ط.أ,,1,,1,,1,,,,,,,,p,طارق عبد الرؤوف عامر,السحاب للنشر والتوزيع,إدارة الأعمال | الإدارة الإلكترونية | الحكومة الإلكترونية | إدارة المعرفة,12/1/1,A,1,digi1.DB,Partial legacy extraction; full library program folder required for final recovery
2006,,1,,,,,,ADMIN,2010-03-09,كلشئعنصيانةالكمبيوتروتجميعه,13,1,B,977-17-2768-0,,,كل شئ عن صيانة الكمبيوتر وتجميعه,,,,383ص,,20 × 25 سم,,,620.004/أ.ص,,1,,1,,1,,,,,,,,p,أحمد خميس,المؤلف,الصيانة | الحاسبات الإلكترونية - صيانة,13/1/1,A,1,digi1.DB,Partial legacy extraction; full library program folder required for final recovery
2007,,1,,,,,,ADMIN,2010-03-09,مبادئعلمالاقتصاد,14,1,B,977-368-129-7,,,مبادئ علم الاقتصاد,,,,271 ص,,20×25سم,,,330/ط.م,,1,,3,,1,,,,,,,,p,طارق عبد الفتاح الشريعى,مؤسسة حورس الدولية,الاقتصاد | الدخل القومى | نظرية الطلب | الاستثمار | الادخار,14/1/1 | 14/2/1 | 14/3/1,A,3,digi1.DB,Partial legacy extraction; full library program folder required for final recovery
2008,,1,,,,,,ADMIN,2010-03-09,التسويقالمتقدم,15,1,B,977-422-091-9,,,التسويق المتقدم,,,,438ص,,220×25سم,,,658.8/م.ت,,1,,1,,1,,,,,,,,p,محمد عبد العظيم,الدار الجامعية,التسويق | التسويق الداخلى | التسويق الدولى,15/1/1,A,1,digi1.DB,Partial legacy extraction; full library program folder required for final recovery
2009,,1,,,,,,ADMIN,2010-03-09,أمنالاستثمار,16,1,B,977-383-152-3,,,أمن الاستثمار,رؤية علمية منهجية شاملة للمنظومة الأمنية لحماية الدولة ومشاريع الاستثمار والمستثمرين من الجريمة والإرهاب فى عصر العولمة,,,246 ص,,20×25سم,,,368.853/م.أ,,1,,3,,1,,,,,,,,p,محسن أحمد الخضيرى,إيتراك للطباعة والنشر والتوزيع,الاستثمار - تأمين | أمن الاستثمار,16/2/1 | 16/1/1 | 16/3/1,A,3,digi1.DB,Partial legacy extraction; full library program folder required for final recovery
2009,,1,,,,,,ADMIN,2010-03-09,تنميةالمهاراتالإداريةالسلوكيةللعاملينالجدد,17,1,B,977-368-252-8,,,تنمية المهارات الإدارية السلوكية للعاملين الجدد,,,,422ص,,20×25سم,,,331/م.ت,,1,,2,,1,,,,,,,,p,محمد الصيرفى,مؤسسة حورس الدولية,العمل والعمال | الأجور | التدريب المهنى | الموظفون - تدريب | الموظفون - التأهيل المهنى,17/1/1 | 17/2/1,A,2,digi1.DB,Partial legacy extraction; full library program folder required for final recovery
2008,,1,,,,,,ADMIN,2010-03-09,الاقتصادعارياً,18,1,B,977-6263-062,,,الاقتصاد عارياً,عرض طريف ومشوق للمفاهيم الاقتصادية,,,311ص,,15×20سم,,,330/ت.أ,,1,,1,,1,,,,,,,,p,تشارلز ويلان,كلمات عربية للترجمة والنشر,الاقتصاد | اقتصاديات المعلومات | اقتصاديات التنمية,18/1/1,A,1,digi1.DB,Partial legacy extraction; full library program folder required for final recovery
2007,,1,,,,,,ADMIN,2010-03-09,الإدارةالإلكترونية,19,1,B,,,,الإدارة الإلكترونية,مرتكزات فكرية ومتطلبات تأسيس عملية,,,245ص,,20×25سم,,,658.4/أ.أ,,1,,2,,1,,,,,,,,p,أحمد على صالح | بيداء ستار البياتى,المنظمة العربية للتنمية الادارية,إدارة الأعمال | الإدارة الإلكترونية,19/1/1 | 19/2/1,A,2,digi1.DB,Partial legacy extraction; full library program folder required for final recovery
2009,,1,,,,,,ADMIN,2010-03-09,الاقتصادالجزئى,20,1,B,,,,الاقتصاد الجزئى,,,,469ص,,15×20سم,,,338.5/م.أ,,1,,4,,1,,,,,,,,p,محمد صفوت قابل,المؤلف,الاقتصاد الجزئى | الاحتكار | المنافسة | سلوك المستهلك,20/1/1 | 20/2/1,A,2,digi1.DB,Partial legacy extraction; full library program folder required for final recovery
2008,,1,,,,,,ADMIN,2010-03-09,المشتقاتوالهندسةالمالية,21,1,B,977-422-105-2,,,المشتقات والهندسة المالية,,,,441ص,,20×25سم,,,332.645/ف.م,,1,,1,,1,,,,,,,,p,فريد النجار,الدار الجامعية,المشتقات المالية | الهندسة المالية,21/1/1,A,1,digi1.DB,Partial legacy extraction; full library program folder required for final recovery
2006,,1,,,,,,ADMIN,2011-04-16,تحديدمخاطرالائتمان,1021,1,B,977-408-057-2,,,تحديد مخاطر الائتمان,,,,128ص,,24× 17سم,,,332.7/ب.ت,,1,,1,,1,,,,,,,,p,برايان كويل,دار الفاروق للنشر والتوزيع,الائتمان - مخاطر | الائتمان الصناعى - مخاطر,1021/1/1,A,1,sss.DB,Partial legacy extraction; full library program folder required for final recovery
2007,,1,,,,,,ADMIN,2011-04-16,ادارةجودةالخدمةفىالضيافةوالسياحةووقتالفراغ,1022,1,B,9960-24-596-9,,,ادارة جودة الخدمة فى الضيافة والسياحة ووقت الفراغ,,,,425ص,,20×25سم,,,338.47/ج.ا,,1,,1,,1,,,,,,,,p,جاى ككاندا مبولى | بيغير لى سباركس | كونى موك,دار المريخ,السياحة | السياحة - بريطانيا | الجودة,1022/1/1,A,1,sss.DB,Partial legacy extraction; full library program folder required for final recovery
